,NAME_EN,crypto_export,crypto_import
FJ,Fiji,unknown,unknown
TZ,Tanzania,unknown,unknown
EH,Western Sahara,unknown,unknown
CA,Canada,unknown,unknown
US,United States of America,unknown,unknown
KZ,Kazakhstan,unknown,unknown
UZ,Uzbekistan,unknown,unknown
PG,Papua New Guinea,unknown,unknown
ID,Indonesia,unknown,unknown
AR,Argentina,unknown,unknown
CL,Chile,unknown,unknown
CD,Democratic Republic of the Congo,unknown,unknown
SO,Somalia,unknown,unknown
KE,Kenya,unknown,unknown
SD,Sudan,unknown,unknown
TD,Chad,unknown,unknown
HT,Haiti,unknown,unknown
DO,Dominican Republic,unknown,unknown
RU,Russia,unknown,unknown
BS,The Bahamas,unknown,unknown
FK,Falkland Islands,unknown,unknown
NO,Norway,unknown,unknown
GL,Greenland,unknown,unknown
TF,French Southern and Antarctic Lands,unknown,unknown
TL,East Timor,unknown,unknown
ZA,South Africa,unknown,unknown
LS,Lesotho,unknown,unknown
MX,Mexico,unknown,unknown
UY,Uruguay,unknown,unknown
BR,Brazil,unknown,unknown
BO,Bolivia,unknown,unknown
PE,Peru,unknown,unknown
CO,Colombia,unknown,unknown
PA,Panama,unknown,unknown
CR,Costa Rica,unknown,unknown
NI,Nicaragua,unknown,unknown
HN,Honduras,unknown,unknown
SV,El Salvador,unknown,unknown
GT,Guatemala,unknown,unknown
BZ,Belize,unknown,unknown
VE,Venezuela,unknown,unknown
GY,Guyana,unknown,unknown
SR,Suriname,unknown,unknown
FR,France,unknown,unknown
EC,Ecuador,unknown,unknown
PR,Puerto Rico,unknown,unknown
JM,Jamaica,unknown,unknown
CU,Cuba,unknown,unknown
ZW,Zimbabwe,unknown,unknown
BW,Botswana,unknown,unknown
NA,Namibia,unknown,unknown
SN,Senegal,unknown,unknown
ML,Mali,unknown,unknown
MR,Mauritania,unknown,unknown
BJ,Benin,unknown,unknown
NE,Niger,unknown,unknown
NG,Nigeria,unknown,unknown
CM,Cameroon,unknown,unknown
TG,Togo,unknown,unknown
GH,Ghana,unknown,unknown
CI,Ivory Coast,unknown,unknown
GN,Guinea,unknown,unknown
GW,Guinea-Bissau,unknown,unknown
LR,Liberia,unknown,unknown
SL,Sierra Leone,unknown,unknown
BF,Burkina Faso,unknown,unknown
CF,Central African Republic,unknown,unknown
CG,Republic of the Congo,unknown,unknown
GA,Gabon,unknown,unknown
GQ,Equatorial Guinea,unknown,unknown
ZM,Zambia,unknown,unknown
MW,Malawi,unknown,unknown
MZ,Mozambique,unknown,unknown
SZ,Eswatini,unknown,unknown
AO,Angola,unknown,unknown
BI,Burundi,unknown,unknown
IL,Israel,unknown,unknown
LB,Lebanon,unknown,unknown
MG,Madagascar,unknown,unknown
PS,Palestine,unknown,unknown
GM,The Gambia,unknown,unknown
TN,Tunisia,unknown,unknown
DZ,Algeria,unknown,unknown
JO,Jordan,unknown,unknown
AE,United Arab Emirates,unknown,unknown
QA,Qatar,unknown,unknown
KW,Kuwait,unknown,unknown
IQ,Iraq,unknown,unknown
OM,Oman,unknown,unknown
VU,Vanuatu,unknown,unknown
KH,Cambodia,unknown,unknown
TH,Thailand,unknown,unknown
LA,Laos,unknown,unknown
MM,Myanmar,unknown,unknown
VN,Vietnam,unknown,unknown
KP,North Korea,unknown,unknown
KR,South Korea,unknown,unknown
MN,Mongolia,unknown,unknown
IN,India,unknown,unknown
BD,Bangladesh,unknown,unknown
BT,Bhutan,unknown,unknown
NP,Nepal,unknown,unknown
PK,Pakistan,unknown,unknown
AF,Afghanistan,unknown,unknown
TJ,Tajikistan,unknown,unknown
KG,Kyrgyzstan,unknown,unknown
TM,Turkmenistan,unknown,unknown
IR,Iran,unknown,unknown
SY,Syria,unknown,unknown
AM,Armenia,unknown,unknown
SE,Sweden,unknown,unknown
BY,Belarus,unknown,unknown
UA,Ukraine,unknown,unknown
PL,Poland,unknown,unknown
AT,Austria,unknown,unknown
HU,Hungary,unknown,unknown
MD,Moldova,unknown,unknown
RO,Romania,unknown,unknown
LT,Lithuania,unknown,unknown
LV,Latvia,unknown,unknown
EE,Estonia,unknown,unknown
DE,Germany,unknown,unknown
BG,Bulgaria,unknown,unknown
GR,Greece,unknown,unknown
TR,Turkey,unknown,unknown
AL,Albania,unknown,unknown
HR,Croatia,unknown,unknown
CH,Switzerland,unknown,unknown
LU,Luxembourg,unknown,unknown
BE,Belgium,unknown,unknown
NL,Netherlands,unknown,unknown
PT,Portugal,unknown,unknown
ES,Spain,unknown,unknown
IE,Ireland,unknown,unknown
NC,New Caledonia,unknown,unknown
SB,Solomon Islands,unknown,unknown
NZ,New Zealand,unknown,unknown
AU,Australia,unknown,unknown
LK,Sri Lanka,unknown,unknown
CN,People's Republic of China,unknown,unknown
TW,Taiwan,unknown,unknown
IT,Italy,unknown,unknown
DK,Denmark,unknown,unknown
GB,United Kingdom,unknown,unknown
IS,Iceland,unknown,unknown
AZ,Azerbaijan,unknown,unknown
GE,Georgia,unknown,unknown
PH,Philippines,unknown,unknown
MY,Malaysia,unknown,unknown
BN,Brunei,unknown,unknown
SI,Slovenia,unknown,unknown
FI,Finland,unknown,unknown
SK,Slovakia,unknown,unknown
CZ,Czech Republic,unknown,unknown
ER,Eritrea,unknown,unknown
JP,Japan,unknown,unknown
PY,Paraguay,unknown,unknown
YE,Yemen,unknown,unknown
SA,Saudi Arabia,unknown,unknown
AQ,Antarctica,unknown,unknown
CY,Cyprus,unknown,unknown
MA,Morocco,unknown,unknown
EG,Egypt,unknown,unknown
LY,Libya,unknown,unknown
ET,Ethiopia,unknown,unknown
DJ,Djibouti,unknown,unknown
UG,Uganda,unknown,unknown
RW,Rwanda,unknown,unknown
BA,Bosnia and Herzegovina,unknown,unknown
MK,North Macedonia,unknown,unknown
RS,Serbia,unknown,unknown
ME,Montenegro,unknown,unknown
XK,Kosovo,unknown,unknown
TT,Trinidad and Tobago,unknown,unknown
SS,South Sudan,unknown,unknown
